{"cameraMode":{"drawMode":0,"name":"Shaded","section":"Shading Mode"},"sceneLighting":true,"audioPlay":false,"sceneViewState":{"showFog":true,"showMaterialUpdate":false,"showSkybox":true,"showFlares":true,"showImageEffects":true,"showParticleSystems":true},"in2DMode":false,"pivot":{"x":0.0,"y":0.041569218039512637,"z":0.4000000059604645},"rotation":{"x":0.43595361709594729,"y":-0.26046833395957949,"z":0.13342450559139253,"w":0.8510580658912659},"size":2.987327814102173,"orthographic":false}