{"cameraMode":{"drawMode":0,"name":"Shaded","section":"Shading Mode"},"sceneLighting":true,"audioPlay":false,"sceneViewState":{"showFog":true,"showMaterialUpdate":false,"showSkybox":true,"showFlares":true,"showImageEffects":true,"showParticleSystems":true},"in2DMode":false,"pivot":{"x":0.12734442949295045,"y":-0.3288331925868988,"z":-0.7263215780258179},"rotation":{"x":0.039754290133714679,"y":0.9597958326339722,"z":-0.21091291308403016,"w":0.18090859055519105},"size":0.8143031001091003,"orthographic":false}